-- Volcado de datos para la tabla `categorias`
INSERT INTO `categorias` (`id_categoria`, `nombre`) VALUES
(1, 'Productos'),
(2, 'Bebidas'),
(3, 'Complementos'),
(4, 'Postres'),
(5, 'Salsas');

-- Volcado de datos para la tabla `detalle_categoria`
INSERT INTO `detalle_categoria` (`id_detalle`, `descripcion`, `id_categoria`) VALUES
(1, 'Refrescos y Aguas', 2),
(2, 'Cervezas y Alcohol', 2),
(3, 'Cafés e Infusiones', 2),
(4, 'Complementos y Sides', 3),
(5, 'Salsas y Dips', 5);

-- Volcado de datos para la tabla `productos`
INSERT INTO `productos` (`id_producto`, `nombre`, `precio`, `id_detalle`) VALUES
(1, 'Agua Con Gas [0.75 cl]', 2.00, 1),
(2, 'Agua Natural [0.75 cl]', 1.80, 1),
(3, 'CocaCola', 2.50, 1),
(4, 'CocaCola Zero', 2.50, 1),
(5, 'CocaCola Zero Zero', 2.50, 1),
(6, 'CocaCola Light', 2.50, 1),
(7, 'Fanta de Naranja', 2.50, 1),
(8, 'Fanta de Limon', 2.50, 1),
(9, 'Aquarius de Limon', 3.00, 1),
(10, 'Aquarius de Naranja', 3.00, 1),
(11, 'Nestea', 3.00, 1),
(12, 'Sprite', 2.50, 1),
(13, 'Trina', 3.00, 1),
(14, 'Zumo de Melocoton', 2.00, 1),
(15, 'Zumo de Piña', 2.00, 1),
(16, 'Cerveza', 2.20, 2),
(17, 'Cerveza Sin Alcohol', 2.20, 2),
(18, 'Anis Tenis [Chupito]', 1.50, 2),
(19, 'Tinto de Verano', 3.20, 2),
(20, 'Tinto de Verano Sin Alcohol', 3.20, 2),
(21, 'Aigua de Valencia', 3.50, 2),
(22, 'Café Solo', 1.20, 3),
(23, 'Café Cortado', 1.40, 3),
(24, 'Café con Leche', 1.60, 3),
(25, 'Café Solo Descafeinado', 1.20, 3),
(26, 'Café Cortado Descafeinado', 1.40, 3),
(27, 'Café con Leche Descafeinado', 1.60, 3),
(28, 'Te Verde', 1.50, 3),
(29, 'Te Negro', 1.50, 3),
(30, 'Manzanilla', 1.50, 3),
(31, 'Java Fries', 3.50, 4),
(32, 'Nuggets (6 uds)', 5.20, 4),
(33, 'Aros de Cebolla', 4.00, 4),
(34, 'Ensalada', 4.50, 4),
(35, 'Alitas (4 uds)', 6.00, 4),
(36, 'Nachos', 4.80, 4),
(37, 'Croquetas', 3.90, 4),
(38, 'Patatas Gajo', 3.75, 4),
(39, 'Bolas de queso con mermelada', 5.50, 4),
(40, 'Ketchup', 0.50, 5),
(41, 'Mayonesa', 0.50, 5),
(42, 'Barbacoa', 0.60, 5),
(43, 'Mostaza', 0.50, 5),
(44, 'Alioli', 0.70, 5),
(45, 'Salsa Brava', 0.75, 5),
(46, 'Miel y Mostaza', 0.80, 5),
(47, 'Ranch', 0.80, 5),
(48, 'Cheddar', 1.00, 5),
(49, 'Pesto', 1.20, 5),
(50, 'Picante', 0.90, 5),
(51, 'Teriyaki', 1.10, 5),
(52, 'César', 0.85, 5),
(53, 'Yogur', 0.75, 5),
(54, 'Curry', 0.80, 5),
(55, 'Sriracha', 0.95, 5),
(56, 'Tártara', 0.85, 5),
(57, 'Guacamole', 1.50, 5),
(58, 'Soja', 0.60, 5),
(59, 'Llave Ácida', 1.25, 5);